id,id_detail_plan_tagih,id_top,id_spk_penawaran,id_penawaran,term_payment,persen_payment,nominal_payment,desc_payment,tgl_plan_tagih,urutan,tanggal_actual_plan_tagih,tagih_mundur,alasan_mundur,file_surat_mundur,file_laporan_progress,macet,sts_invoice,created_by,created_date
, , ,001/STM/MKT-SPK/I/25, ,Penagihan 1,100%,16000000, ,2025-01-01, ,2025-02-04,, , , , , , ,
, , ,002/STM/MKT-SPK/I/24, ,Penagihan 1,30%,19560000, ,2024-02-01, ,2024-02-05,, , , , , , ,
, , ,002/STM/MKT-SPK/I/24, ,Penagihan 2,20%,13040000, ,2024-04-02, ,2024-04-02,, , , , , , ,
, , ,002/STM/MKT-SPK/I/24, ,Penagihan 3,20%,13040000, ,2024-05-06, ,2024-05-06,, , , , , , ,
, , ,002/STM/MKT-SPK/I/24, ,Penagihan 4,20%,13040000, ,2024-06-01, ,2024-06-03,, , , , , , ,
, , ,002/STM/MKT-SPK/I/24, ,Penagihan 5,10%,6520000, ,2025-05-01, ,2025-05-05,, , , , , , ,
, , ,002/STM/MKT-SPK/I/25, ,Penagihan 1,100%,61704900, ,2025-04-01, ,2025-04-16,, , , , , , ,
, , ,003/STM/MKT-SPK/I/25, ,Penagihan 1,100%,11000000, ,2025-02-01, ,2025-02-10,, , , , , , ,
, , ,004A/STM/MKT-SPK/I/25, ,Penagihan 1,100%,7000000, ,2025-02-01, ,2025-02-10,, , , , , , ,
, , ,004B/STM/MKT-SPK/I/25, ,Penagihan 1,100%,13000000, ,2025-03-01, ,2025-03-17,, , , , , , ,
, , ,004C/STM/MKT-SPK/I/25, ,Penagihan 1,100%,26000000, ,2025-02-01, ,2025-02-23,, , , , , , ,
, , ,005/STM/MKT-SPK/I/25, ,Penagihan 1,100%,10000000, ,2025-01-01, ,2025-01-23,, , , , , , ,
, , ,007/STM/MKT-SPK/I/25, ,Penagihan 1,50%,16600000, ,2025-09-01, ,2025-09-02,, , , , , , ,
, , ,007/STM/MKT-SPK/I/25, ,Penagihan 2,50%,16600000, ,2025-12-01, ,2025-12-22,, , , , , , ,
, , ,008/STM/MKT-SPK/I/24+C13, ,Penagihan 1,50%,58275000, ,2026-03-01, ,,, , , , , , ,
, , ,008/STM/MKT-SPK/I/24+C13, ,Penagihan 2,50%,58275000, ,2026-04-01, ,,, , , , , , ,
, , ,008/STM/MKT-SPK/I/25, ,Penagihan 1,100%,20000000, ,2025-06-01, ,2025-06-24,, , , , , , ,
, , ,009/STM/MKT-SPK/I/25, ,Penagihan 1,100%,5000000, ,2026-01-01, ,,, , , , , , ,
, , ,010/STM/MKT-SPK/I/24, ,Penagihan 1,30%,29372400, ,2024-01-01, ,2024-01-22,, , , , , , ,
, , ,010/STM/MKT-SPK/I/24, ,Penagihan 2,20%,19581600, ,2025-06-01, ,2025-06-09,, , , , , , ,
, , ,010/STM/MKT-SPK/I/24, ,Penagihan 3,20%,19581600, ,2025-02-01, ,2026-01-05,, , , , , , ,
, , ,010/STM/MKT-SPK/I/24, ,Penagihan 4,20%,19581600, ,2025-02-01, ,2025-02-04,, , , , , , ,
, , ,010/STM/MKT-SPK/I/24, ,Penagihan 5,10%,9790800, ,2024-02-01, ,2024-02-05,, , , , , , ,
, , ,010/STM/MKT-SPK/II/25, ,Penagihan 1,100%,33000000, ,2024-04-01, ,2024-04-02,, , , , , , ,
, , ,011/STM/MKT-SPK/II/25, ,Penagihan 1,40%,72800000, ,2024-06-01, ,2024-07-02,, , , , , , ,
, , ,011/STM/MKT-SPK/II/25, ,Penagihan 2,30%,54600000, ,2025-02-01, ,2025-02-04,, , , , , , ,
, , ,011/STM/MKT-SPK/II/25, ,Penagihan 3,20%,36400000, ,2025-05-01, ,2025-05-05,, , , , , , ,
, , ,011/STM/MKT-SPK/II/25, ,Penagihan 4,10%,18200000, ,2025-02-01, ,2025-02-23,, , , , , , ,
, , ,012/STM/MKT-SPK/II/25, ,Penagihan 1,100%,24000000, ,2025-02-23, ,2025-02-23,, , , , , , ,
, , ,013/STM/MKT-SPK/I/24, ,Penagihan 1,30%,24000000, ,2025-05-05, ,2025-05-05,, , , , , , ,
, , ,013/STM/MKT-SPK/I/24, ,Penagihan 2,30%,24000000, ,2025-07-04, ,2025-07-04,, , , , , , ,
, , ,013/STM/MKT-SPK/I/24, ,Penagihan 3,30%,24000000, ,2025-11-21, ,2025-11-21,, , , , , , ,
, , ,013/STM/MKT-SPK/I/24, ,Penagihan 4,10%,8000000, ,2025-02-18, ,2025-02-18,, , , , , , ,
, , ,013/STM/MKT-SPK/II/25, ,Penagihan 1,100%,21000000, ,2024-06-03, ,2024-06-03,, , , , , , ,
, , ,014/STM/MKT-SPK/II/25, ,Penagihan 1,100%,21000000, ,2024-07-02, ,2024-07-02,, , , , , , ,
, , ,015/STM/MKT-SPK/II/25, ,Penagihan 1,100%,20000000, ,2025-08-11, ,2025-08-11,, , , , , , ,
, , ,016/STM/MKT-SPK/II/25, ,Penagihan 1,100%,49175000, ,2026-09-01, ,,, , , , , , ,
, , ,017/STM/MKT-SPK/II/25, ,Penagihan 1,100%,27000000, ,2025-03-17, ,2025-03-17,, , , , , , ,
, , ,021/STM/MKT-SPK/II/25, ,Penagihan 1,30%,23400000, ,2025-02-22, ,2025-02-22,, , , , , , ,
, , ,021/STM/MKT-SPK/II/25, ,Penagihan 2,25%,19500000, ,2025-02-18, ,2025-02-18,, , , , , , ,
, , ,021/STM/MKT-SPK/II/25, ,Penagihan 3,25%,19500000, ,2025-03-01, ,2025-03-01,, , , , , , ,
, , ,021/STM/MKT-SPK/II/25, ,Penagihan 4,20%,15600000, ,2025-04-16, ,2025-04-16,, , , , , , ,
, , ,022/STM/MKT-SPK/II/25, ,Penagihan 1,40%,28000000, ,2025-04-24, ,2025-04-24,, , , , , , ,
, , ,022/STM/MKT-SPK/II/25, ,Penagihan 2,30%,21000000, ,2025-05-12, ,2025-05-12,, , , , , , ,
, , ,022/STM/MKT-SPK/II/25, ,Penagihan 3,30%,21000000, ,2025-06-02, ,2025-06-02,, , , , , , ,
, , ,023/STM/MKT-SPK/II/25, ,Penagihan 1,65%,52000000, ,2025-10-15, ,2025-10-15,, , , , , , ,
, , ,023/STM/MKT-SPK/II/25, ,Penagihan 2,35%,28000000, ,2025-03-21, ,2025-03-21,, , , , , , ,
, , ,025/STM/MKT-SPK/II/25, ,Penagihan 1,50%,120000000, ,2025-05-05, ,2025-05-05,, , , , , , ,
, , ,025/STM/MKT-SPK/II/25, ,Penagihan 2,50%,120000000, ,2025-05-05, ,2025-05-05,, , , , , , ,
, , ,026/STM/MKT-SPK/II/25, ,Penagihan 1,50%,45400000, ,2025-03-17, ,2025-03-17,, , , , , , ,
, , ,026/STM/MKT-SPK/II/25, ,Penagihan 2,20%,18160000, ,2025-08-04, ,2025-08-04,, , , , , , ,
, , ,026/STM/MKT-SPK/II/25, ,Penagihan 3,30%,27240000, ,2025-03-04, ,2025-03-04,, , , , , , ,
, , ,027/STM/MKT-SPK/II/25, ,Penagihan 1,50%,16350000, ,2025-07-18, ,2025-07-18,, , , , , , ,
, , ,027/STM/MKT-SPK/II/25, ,Penagihan 2,50%,16350000, ,2025-04-10, ,2025-04-10,, , , , , , ,
, , ,028/STM/MKT-SPK/II/25, ,Penagihan 1,30%,26514000, ,2026-02-01, ,,, , , , , , ,
, , ,028/STM/MKT-SPK/II/25, ,Penagihan 2,20%,17676000, ,2026-03-01, ,,, , , , , , ,
, , ,028/STM/MKT-SPK/II/25, ,Penagihan 3,20%,17676000, ,2025-04-10, ,2025-04-10,, , , , , , ,
, , ,028/STM/MKT-SPK/II/25, ,Penagihan 4,20%,17676000, ,2026-07-01, ,,, , , , , , ,
, , ,028/STM/MKT-SPK/II/25, ,Penagihan 5,10%,8838000, ,2025-06-24, ,2025-06-24,, , , , , , ,
, , ,029/STM/MKT-SPK/III/23, ,Penagihan 1,50%,64600000, ,2025-07-04, ,2025-07-04,, , , , , , ,
, , ,029/STM/MKT-SPK/III/23, ,Penagihan 2,50%,64600000, ,2025-12-16, ,2025-12-16,, , , , , , ,
, , ,029/STM/MKT-SPK/III/25, ,Penagihan 1,100%,22000000, ,2026-03-01, ,,, , , , , , ,
, , ,030/STM/MKT-SPK/II/20, ,Penagihan 1,20%,50000000, ,2026-04-01, ,,, , , , , , ,
, , ,030/STM/MKT-SPK/II/20, ,Penagihan 2,20%,50000000, ,2023-08-08, ,2023-08-08,, , , , , , ,
, , ,030/STM/MKT-SPK/II/20, ,Penagihan 3,30%,75000000, ,2025-05-26, ,2025-05-26,, , , , , , ,
, , ,030/STM/MKT-SPK/II/20, ,Penagihan 4,20%,50000000, ,2025-04-24, ,2025-04-24,, , , , , , ,
, , ,030/STM/MKT-SPK/II/20, ,Penagihan 5,10%,25000000, ,2021-01-26, ,2021-01-26,, , , , , , ,
, , ,031/STM/MKT-SPK/III/24, ,Penagihan 1,30%,25995000, ,2026-01-01, ,,, , , , , , ,
, , ,031/STM/MKT-SPK/III/24, ,Penagihan 2,30%,25995000, ,2026-02-01, ,,, , , , , , ,
, , ,031/STM/MKT-SPK/III/24, ,Penagihan 3,30%,25995000, ,2026-03-01, ,,, , , , , , ,
, , ,031/STM/MKT-SPK/III/24, ,Penagihan 4,10%,8665000, ,2026-04-01, ,,, , , , , , ,
, , ,031/STM/MKT-SPK/III/25, ,Penagihan 1,100%,26000000, ,2024-04-29, ,2024-04-29,, , , , , , ,
, , ,032/STM/MKT-SPK/III/23, ,Penagihan 1,50%,24000000, ,2024-07-02, ,2024-07-02,, , , , , , ,
, , ,032/STM/MKT-SPK/III/23, ,Penagihan 2,50%,24000000, ,2024-11-04, ,2024-11-04,, , , , , , ,
, , ,032/STM/MKT-SPK/III/25, ,Penagihan 1,100%,8500000, ,2026-01-14, ,2026-01-14,, , , , , , ,
, , ,033/STM/MKT-SPK/III/25, ,Penagihan 1,100%,18000000, ,2025-03-24, ,2025-03-24,, , , , , , ,
, , ,034/STM/MKT-SPK/III/25, ,Penagihan 1,100%,27000000, ,2023-05-08, ,2023-05-08,, , , , , , ,
, , ,035/STM/MKT-SPK/III/25, ,Penagihan 1,100%,8500000, ,2026-03-01, ,,, , , , , , ,
, , ,036/STM/MKT-SPK/III/25, ,Penagihan 1,100%,16500000, ,2025-03-19, ,2025-03-19,, , , , , , ,
, , ,037/STM/MKT-SPK/III/25, ,Penagihan 1,30%,28710000, ,2025-06-18, ,2025-06-18,, , , , , , ,
, , ,037/STM/MKT-SPK/III/25, ,Penagihan 2,20%,19140000, ,2025-04-16, ,2025-04-16,, , , , , , ,
, , ,037/STM/MKT-SPK/III/25, ,Penagihan 3,20%,19140000, ,2025-04-24, ,2025-04-24,, , , , , , ,
, , ,037/STM/MKT-SPK/III/25, ,Penagihan 4,20%,19140000, ,2025-04-21, ,2025-04-21,, , , , , , ,
, , ,037/STM/MKT-SPK/III/25, ,Penagihan 5,10%,9570000, ,2025-04-21, ,2025-04-21,, , , , , , ,
, , ,038/STM/MKT-SPK/III/25, ,Penagihan 1,30%,27000000, ,2025-06-02, ,2025-06-02,, , , , , , ,
, , ,038/STM/MKT-SPK/III/25, ,Penagihan 2,30%,27000000, ,2025-08-11, ,2025-08-11,, , , , , , ,
, , ,038/STM/MKT-SPK/III/25, ,Penagihan 3,40%,36000000, ,2025-11-18, ,2025-11-18,, , , , , , ,
, , ,039/STM/MKT-SPK/III/25, ,Penagihan 1,100%,16000000, ,2026-02-01, ,,, , , , , , ,
, , ,040/STM/MKT-SPK/III/25, ,Penagihan 1,100%,27000000, ,2025-05-05, ,2025-05-05,, , , , , , ,
, , ,041/STM/MKT-SPK/III/25, ,Penagihan 1,100%,16000000, ,2025-09-15, ,2025-09-15,, , , , , , ,
, , ,042/STM/MKT-SPK/III/25, ,Penagihan 1,100%,21000000, ,2025-11-18, ,2025-11-18,, , , , , , ,
, , ,043/STM/MKT-SPK/III/25, ,Penagihan 1,30%,31053000, ,2025-05-21, ,2025-05-21,, , , , , , ,
, , ,043/STM/MKT-SPK/III/25, ,Penagihan 2,20%,20702000, ,2025-05-05, ,2025-05-05,, , , , , , ,
, , ,043/STM/MKT-SPK/III/25, ,Penagihan 3,20%,20702000, ,2025-04-28, ,2025-04-28,, , , , , , ,
, , ,043/STM/MKT-SPK/III/25, ,Penagihan 4,20%,20702000, ,2025-04-28, ,2025-04-28,, , , , , , ,
, , ,043/STM/MKT-SPK/III/25, ,Penagihan 5,10%,10351000, ,2025-06-02, ,2025-06-02,, , , , , , ,
, , ,045/STM/MKT-SPK/III/25, ,Penagihan 1,100%,50350000, ,2025-07-04, ,2025-07-04,, , , , , , ,
, , ,046/STM/MKT-SPK/III/25, ,Penagihan 1,100%,252000000, ,2025-08-04, ,2025-08-04,, , , , , , ,
, , ,046B/STM/MKT-SPK/IV/22, ,Penagihan 1,8%,3000000, ,2025-09-02, ,2025-09-02,, , , , , , ,
, , ,046B/STM/MKT-SPK/IV/22, ,Penagihan 2,8%,3000000, ,2026-01-01, ,,, , , , , , ,
, , ,046B/STM/MKT-SPK/IV/22, ,Penagihan 3,8%,3000000, ,2025-04-17, ,2025-04-17,, , , , , , ,
, , ,046B/STM/MKT-SPK/IV/22, ,Penagihan 4,8%,3000000, ,2025-07-11, ,2025-07-11,, , , , , , ,
, , ,046B/STM/MKT-SPK/IV/22, ,Penagihan 5,8%,3000000, ,2024-02-05, ,2024-02-05,, , , , , , ,
, , ,046B/STM/MKT-SPK/IV/22, ,Penagihan 6,8%,3000000, ,2024-03-12, ,2024-03-12,, , , , , , ,
, , ,046B/STM/MKT-SPK/IV/22, ,Penagihan 7,8%,3000000, ,2024-04-02, ,2024-04-02,, , , , , , ,
, , ,046B/STM/MKT-SPK/IV/22, ,Penagihan 8,8%,3000000, ,2024-05-06, ,2024-05-06,, , , , , , ,
, , ,046B/STM/MKT-SPK/IV/22, ,Penagihan 9,8%,3000000, ,2024-06-03, ,2024-06-03,, , , , , , ,
, , ,046B/STM/MKT-SPK/IV/22, ,Penagihan 10,8%,3000000, ,2024-07-11, ,2024-07-11,, , , , , , ,
, , ,046B/STM/MKT-SPK/IV/22, ,Penagihan 11,8%,3000000, ,2024-08-05, ,2024-08-05,, , , , , , ,
, , ,046B/STM/MKT-SPK/IV/22, ,Penagihan 12,8%,3000000, ,2024-09-04, ,2024-09-04,, , , , , , ,
, , ,047/STM/MKT-SPK/III/25, ,Penagihan 1,100%,16000000, ,2024-10-02, ,2024-10-02,, , , , , , ,
, , ,048/STM/MKT-SPK/IV/25, ,Penagihan 1,100%,26000000, ,2024-11-04, ,2024-11-04,, , , , , , ,
, , ,050/STM/MKT-SPK/IV/25, ,Penagihan 1,100%,12000000, ,2024-12-05, ,2024-12-05,, , , , , , ,
, , ,052/STM/MKT-SPK/V/25, ,Penagihan 1,100%,20000000, ,2025-01-08, ,2025-01-08,, , , , , , ,
, , ,053/STM/MKT-SPK/V/25, ,Penagihan 1,30%,26100000, ,2025-05-05, ,2025-05-05,, , , , , , ,
, , ,053/STM/MKT-SPK/V/25, ,Penagihan 2,20%,17400000, ,2025-06-01, ,2025-06-01,, , , , , , ,
, , ,053/STM/MKT-SPK/V/25, ,Penagihan 3,20%,17400000, ,2025-05-21, ,2025-05-21,, , , , , , ,
, , ,053/STM/MKT-SPK/V/25, ,Penagihan 4,20%,17400000, ,2025-06-02, ,2025-06-02,, , , , , , ,
, , ,053/STM/MKT-SPK/V/25, ,Penagihan 5,10%,8700000, ,2025-05-21, ,2025-05-21,, , , , , , ,
, , ,054/STM/MKT-SPK/V/25, ,Penagihan 1,100%,7000000, ,2025-07-04, ,2025-07-04,, , , , , , ,
, , ,055/STM/MKT-SPK/V/25, ,Penagihan 1,100%,14000000, ,2025-08-11, ,2025-08-11,, , , , , , ,
, , ,056/STM/MKT-SPK/V/25, ,Penagihan 1,100%,7000000, ,2025-09-02, ,2025-09-02,, , , , , , ,
, , ,056/STM/MKT-SPK/VI/24, ,Penagihan 1,40%,60000000, ,2026-02-01, ,,, , , , , , ,
, , ,056/STM/MKT-SPK/VI/24, ,Penagihan 2,30%,45000000, ,2025-05-21, ,2025-05-21,, , , , , , ,
, , ,056/STM/MKT-SPK/VI/24, ,Penagihan 3,30%,45000000, ,2025-05-21, ,2025-05-21,, , , , , , ,
, , ,057/STM/MKT-SPK/VI/24, ,Penagihan 1,40%,60000000, ,2025-05-21, ,2025-05-21,, , , , , , ,
, , ,057/STM/MKT-SPK/VI/24, ,Penagihan 2,30%,45000000, ,2024-07-04, ,2024-07-04,, , , , , , ,
, , ,057/STM/MKT-SPK/VI/24, ,Penagihan 3,30%,45000000, ,2024-07-04, ,2024-07-04,, , , , , , ,
, , ,058/STM/MKT-SPK/V/25, ,Penagihan 1,100%,24000000, ,2025-02-10, ,2025-02-10,, , , , , , ,
, , ,060/STM/MKT-SPK/V/25, ,Penagihan 1,20%,30000000, ,2024-07-04, ,2024-07-04,, , , , , , ,
, , ,060/STM/MKT-SPK/V/25, ,Penagihan 2,80%,120000000, ,2024-07-04, ,2024-07-04,, , , , , , ,
, , ,062/STM/MKT-SPK/V/25, ,Penagihan 1,50%,14000000, ,2025-02-10, ,2025-02-10,, , , , , , ,
, , ,062/STM/MKT-SPK/V/25, ,Penagihan 2,50%,14000000, ,2025-06-18, ,2025-06-18,, , , , , , ,
, , ,066/STM/MKT-SPK/V/25, ,Penagihan 1,100%,17000000, ,2025-06-12, ,2025-06-12,, , , , , , ,
, , ,067/STM/MKT-SPK/V/25, ,Penagihan 1,30%,43605000, ,2026-01-01, ,,, , , , , , ,
, , ,067/STM/MKT-SPK/V/25, ,Penagihan 2,20%,29070000, ,2025-06-16, ,2025-06-16,, , , , , , ,
, , ,067/STM/MKT-SPK/V/25, ,Penagihan 3,20%,29070000, ,2025-07-04, ,2025-07-04,, , , , , , ,
, , ,067/STM/MKT-SPK/V/25, ,Penagihan 4,20%,29070000, ,2025-06-24, ,2025-06-24,, , , , , , ,
, , ,067/STM/MKT-SPK/V/25, ,Penagihan 5,10%,14535000, ,2025-06-16, ,2025-06-16,, , , , , , ,
, , ,069/STM/MKT-SPK/V/25, ,Penagihan 1,100%,12000000, ,2025-09-02, ,2025-09-02,, , , , , , ,
, , ,069D/STM/Mkt-SPK/VII/20, ,Penagihan 1,20%,70000000, ,2025-11-04, ,2025-11-04,, , , , , , ,
, , ,069D/STM/Mkt-SPK/VII/20, ,Penagihan 2,50%,175000000, ,2026-02-01, ,,, , , , , , ,
, , ,069D/STM/Mkt-SPK/VII/20, ,Penagihan 3,20%,70000000, ,2026-03-01, ,,, , , , , , ,
, , ,069D/STM/Mkt-SPK/VII/20, ,Penagihan 4,5%,17500000, ,2025-08-20, ,2025-08-20,, , , , , , ,
, , ,069D/STM/Mkt-SPK/VII/20, ,Penagihan 5,5%,17500000, ,2021-01-05, ,2021-01-05,, , , , , , ,
, , ,070/STM/MKT-SPK/VI/25, ,Penagihan 1,30%,27000000, ,2022-08-25, ,2022-08-25,, , , , , , ,
, , ,070/STM/MKT-SPK/VI/25, ,Penagihan 2,20%,18000000, ,2023-08-24, ,2023-08-24,, , , , , , ,
, , ,070/STM/MKT-SPK/VI/25, ,Penagihan 3,50%,45000000, ,2026-01-01, ,,, , , , , , ,
, , ,075/STM/MKT-SPK/VI/25, ,Penagihan 1,100%,10000000, ,2026-02-01, ,,, , , , , , ,
, , ,081/STM/MKT-SPK/VII/25, ,Penagihan 1,30%,43500000, ,2025-06-24, ,2025-06-24,, , , , , , ,
, , ,081/STM/MKT-SPK/VII/25, ,Penagihan 2,40%,58000000, ,2025-07-17, ,2025-07-17,, , , , , , ,
, , ,081/STM/MKT-SPK/VII/25, ,Penagihan 3,30%,43500000, ,2025-11-21, ,2025-11-21,, , , , , , ,
, , ,082/STM/MKT-SPK/VI/23, ,Penagihan 1,30%,48000000, ,2025-06-23, ,2025-06-23,, , , , , , ,
, , ,082/STM/MKT-SPK/VI/23, ,Penagihan 2,20%,32000000, ,2025-07-04, ,2025-07-04,, , , , , , ,
, , ,082/STM/MKT-SPK/VI/23, ,Penagihan 3,20%,32000000, ,2025-08-04, ,2025-08-04,, , , , , , ,
, , ,082/STM/MKT-SPK/VI/23, ,Penagihan 4,20%,32000000, ,2025-11-21, ,2025-11-21,, , , , , , ,
, , ,082/STM/MKT-SPK/VI/23, ,Penagihan 5,10%,16000000, ,2023-08-02, ,2023-08-02,, , , , , , ,
, , ,082/STM/MKT-SPK/VII/25, ,Penagihan 1,30%,129000000, ,2023-09-04, ,2023-09-04,, , , , , , ,
, , ,082/STM/MKT-SPK/VII/25, ,Penagihan 2,30%,129000000, ,2023-10-04, ,2023-10-04,, , , , , , ,
, , ,082/STM/MKT-SPK/VII/25, ,Penagihan 3,40%,172000000, ,2023-11-01, ,2023-11-01,, , , , , , ,
, , ,085/STM/MKT-SPK/VII/23, ,Penagihan 1,30%,25500000, ,2025-01-08, ,2025-01-08,, , , , , , ,
, , ,085/STM/MKT-SPK/VII/23, ,Penagihan 2,30%,25500000, ,2025-10-20, ,2025-10-20,, , , , , , ,
, , ,085/STM/MKT-SPK/VII/23, ,Penagihan 3,30%,25500000, ,2025-12-04, ,2025-12-04,, , , , , , ,
, , ,085/STM/MKT-SPK/VII/23, ,Penagihan 4,10%,8500000, ,2026-02-01, ,,, , , , , , ,
, , ,085/STM/MKT-SPK/VII/24Rev.01, ,Penagihan 1,50%,110000000, ,2023-08-28, ,2023-08-28,, , , , , , ,
, , ,085/STM/MKT-SPK/VII/24Rev.01, ,Penagihan 2,50%,110000000, ,2023-10-04, ,2023-10-04,, , , , , , ,
, , ,086/STM/MKT-SPK/VII/23, ,Penagihan 1,40%,82539000, ,2024-01-05, ,2024-01-05,, , , , , , ,
, , ,086/STM/MKT-SPK/VII/23, ,Penagihan 2,30%,61904250, ,2026-01-01, ,,, , , , , , ,
, , ,086/STM/MKT-SPK/VII/23, ,Penagihan 3,30%,61904250, ,2025-07-17, ,2025-07-17,, , , , , , ,
, , ,086/STM/MKT-SPK/VII/24, ,Penagihan 1,30%,22500000, ,2026-01-05, ,2026-01-05,, , , , , , ,
, , ,086/STM/MKT-SPK/VII/24, ,Penagihan 2,20%,15000000, ,2023-10-23, ,2023-10-23,, , , , , , ,
, , ,086/STM/MKT-SPK/VII/24, ,Penagihan 3,20%,15000000, ,2024-04-03, ,2024-04-03,, , , , , , ,
, , ,086/STM/MKT-SPK/VII/24, ,Penagihan 4,20%,15000000, ,2026-01-01, ,,, , , , , , ,
, , ,086/STM/MKT-SPK/VII/24, ,Penagihan 5,10%,7500000, ,2024-08-05, ,2024-08-05,, , , , , , ,
, , ,086/STM/MKT-SPK/VII/25, ,Penagihan 1,34%,17150000, ,2024-09-02, ,2024-09-02,, , , , , , ,
, , ,086/STM/MKT-SPK/VII/25, ,Penagihan 2,33%,16450000, ,2024-11-04, ,2024-11-04,, , , , , , ,
, , ,, ,Penagihan 3,33%,16400000, ,2025-07-04, ,2025-07-04,, , , , , , ,
, , ,087/STM/MKT-SPK/VI/23, ,Penagihan 1,4%,15000000, ,2026-02-01, ,,, , , , , , ,
, , ,087/STM/MKT-SPK/VI/23, ,Penagihan 2,4%,15000000, ,2025-08-04, ,2025-08-04,, , , , , , ,
, , ,087/STM/MKT-SPK/VI/23, ,Penagihan 3,4%,15000000, ,2025-09-02, ,2025-09-02,, , , , , , ,
, , ,087/STM/MKT-SPK/VI/23, ,Penagihan 4,4%,15000000, ,2025-11-04, ,2025-11-04,, , , , , , ,
, , ,087/STM/MKT-SPK/VI/23, ,Penagihan 5,4%,15000000, ,2023-08-24, ,2023-08-24,, , , , , , ,
, , ,087/STM/MKT-SPK/VI/23, ,Penagihan 6,4%,15000000, ,2023-09-13, ,2023-09-13,, , , , , , ,
, , ,087/STM/MKT-SPK/VI/23, ,Penagihan 7,4%,15000000, ,2023-10-11, ,2023-10-11,, , , , , , ,
, , ,087/STM/MKT-SPK/VI/23, ,Penagihan 8,4%,15000000, ,2023-11-10, ,2023-11-10,, , , , , , ,
, , ,087/STM/MKT-SPK/VI/23, ,Penagihan 9,4%,15000000, ,2023-12-11, ,2023-12-11,, , , , , , ,
, , ,087/STM/MKT-SPK/VI/23, ,Penagihan 10,4%,15000000, ,2024-01-10, ,2024-01-10,, , , , , , ,
, , ,087/STM/MKT-SPK/VI/23, ,Penagihan 11,4%,15000000, ,2024-02-12, ,2024-02-12,, , , , , , ,
, , ,087/STM/MKT-SPK/VI/23, ,Penagihan 12,4%,15000000, ,2024-03-12, ,2024-03-12,, , , , , , ,
, , ,087/STM/MKT-SPK/VI/23, ,Penagihan 13,4%,15000000, ,2024-04-22, ,2024-04-22,, , , , , , ,
, , ,087/STM/MKT-SPK/VI/23, ,Penagihan 14,4%,15000000, ,2024-05-10, ,2024-05-10,, , , , , , ,
, , ,087/STM/MKT-SPK/VI/23, ,Penagihan 15,4%,15000000, ,2024-06-10, ,2024-06-10,, , , , , , ,
, , ,087/STM/MKT-SPK/VI/23, ,Penagihan 16,4%,15000000, ,2024-07-11, ,2024-07-11,, , , , , , ,
, , ,087/STM/MKT-SPK/VI/23, ,Penagihan 17,4%,15000000, ,2024-08-10, ,2024-08-10,, , , , , , ,
, , ,087/STM/MKT-SPK/VI/23, ,Penagihan 18,4%,15000000, ,2024-09-10, ,2024-09-10,, , , , , , ,
, , ,087/STM/MKT-SPK/VI/23, ,Penagihan 19,4%,15000000, ,2024-10-10, ,2024-10-10,, , , , , , ,
, , ,087/STM/MKT-SPK/VI/23, ,Penagihan 20,4%,15000000, ,2024-11-15, ,2024-11-15,, , , , , , ,
, , ,087/STM/MKT-SPK/VI/23, ,Penagihan 21,4%,15000000, ,2024-12-10, ,2024-12-10,, , , , , , ,
, , ,087/STM/MKT-SPK/VI/23, ,Penagihan 22,4%,15000000, ,2025-01-08, ,2025-01-08,, , , , , , ,
, , ,087/STM/MKT-SPK/VI/23, ,Penagihan 23,4%,15000000, ,2025-02-10, ,2025-02-10,, , , , , , ,
, , ,087/STM/MKT-SPK/VI/23, ,Penagihan 24,4%,15000000, ,2025-03-10, ,2025-03-10,, , , , , , ,
, , ,087/STM/MKT-SPK/VII/25, ,Penagihan 1,100%,12000000, ,2025-04-10, ,2025-04-10,, , , , , , ,
, , ,088/STM/MKT-SPK/VII/25, ,Penagihan 1,20%,16400000, ,2025-05-10, ,2025-05-10,, , , , , , ,
, , ,088/STM/MKT-SPK/VII/25, ,Penagihan 2,50%,41000000, ,2025-06-10, ,2025-06-10,, , , , , , ,
, , ,088/STM/MKT-SPK/VII/25, ,Penagihan 3,30%,24600000, ,2025-07-10, ,2025-07-10,, , , , , , ,
, , ,090/STM/MKT-SPK/VII/25, ,Penagihan 1,4%,10000000, ,2025-07-28, ,2025-07-28,, , , , , , ,
, , ,090/STM/MKT-SPK/VII/25, ,Penagihan 2,4%,10000000, ,2025-08-04, ,2025-08-04,, , , , , , ,
, , ,090/STM/MKT-SPK/VII/25, ,Penagihan 3,4%,10000000, ,2025-12-16, ,2025-12-16,, , , , , , ,
, , ,090/STM/MKT-SPK/VII/25, ,Penagihan 4,4%,10000000, ,2026-05-01, ,,, , , , , , ,
, , ,090/STM/MKT-SPK/VII/25, ,Penagihan 5,4%,10000000, ,2025-07-18, ,2025-07-18,, , , , , , ,
, , ,090/STM/MKT-SPK/VII/25, ,Penagihan 6,4%,10000000, ,2025-07-18, ,2025-07-18,, , , , , , ,
, , ,090/STM/MKT-SPK/VII/25, ,Penagihan 7,4%,10000000, ,2025-07-18, ,2025-07-18,, , , , , , ,
, , ,090/STM/MKT-SPK/VII/25, ,Penagihan 8,4%,10000000, ,2025-07-18, ,2025-07-18,, , , , , , ,
, , ,090/STM/MKT-SPK/VII/25, ,Penagihan 9,4%,10000000, ,2025-07-18, ,2025-07-18,, , , , , , ,
, , ,090/STM/MKT-SPK/VII/25, ,Penagihan 10,4%,10000000, ,2025-07-18, ,2025-07-18,, , , , , , ,
, , ,090/STM/MKT-SPK/VII/25, ,Penagihan 11,4%,10000000, ,2025-07-18, ,2025-07-18,, , , , , , ,
, , ,090/STM/MKT-SPK/VII/25, ,Penagihan 12,4%,10000000, ,2025-08-20, ,2025-08-20,, , , , , , ,
, , ,090/STM/MKT-SPK/VII/25, ,Penagihan 13,4%,10000000, ,2025-09-08, ,2025-09-08,, , , , , , ,
, , ,090/STM/MKT-SPK/VII/25, ,Penagihan 14,4%,10000000, ,2025-10-10, ,2025-10-10,, , , , , , ,
, , ,090/STM/MKT-SPK/VII/25, ,Penagihan 15,4%,10000000, ,2025-12-16, ,2025-12-16,, , , , , , ,
, , ,090/STM/MKT-SPK/VII/25, ,Penagihan 16,4%,10000000, ,2025-12-16, ,2025-12-16,, , , , , , ,
, , ,090/STM/MKT-SPK/VII/25, ,Penagihan 17,4%,10000000, ,2026-01-01, ,,, , , , , , ,
, , ,090/STM/MKT-SPK/VII/25, ,Penagihan 18,4%,10000000, ,2026-02-01, ,,, , , , , , ,
, , ,090/STM/MKT-SPK/VII/25, ,Penagihan 19,4%,10000000, ,2026-03-01, ,,, , , , , , ,
, , ,090/STM/MKT-SPK/VII/25, ,Penagihan 20,4%,10000000, ,2026-04-01, ,,, , , , , , ,
, , ,090/STM/MKT-SPK/VII/25, ,Penagihan 21,4%,10000000, ,2026-05-01, ,,, , , , , , ,
, , ,090/STM/MKT-SPK/VII/25, ,Penagihan 22,4%,10000000, ,2026-06-01, ,,, , , , , , ,
, , ,090/STM/MKT-SPK/VII/25, ,Penagihan 23,4%,10000000, ,2026-07-01, ,,, , , , , , ,
, , ,090/STM/MKT-SPK/VII/25, ,Penagihan 24,4%,10000000, ,2026-08-01, ,,, , , , , , ,
, , ,096/STM/MKT-SPK/VIII/24, ,Penagihan 1,20%,23495700, ,2026-09-01, ,,, , , , , , ,
, , ,096/STM/MKT-SPK/VIII/24, ,Penagihan 2,20%,15663800, ,2026-10-01, ,,, , , , , , ,
, , ,096/STM/MKT-SPK/VIII/24, ,Penagihan 3,20%,15663800, ,2026-11-01, ,,, , , , , , ,
, , ,096/STM/MKT-SPK/VIII/24, ,Penagihan 4,20%,15663800, ,2026-12-01, ,,, , , , , , ,
, , ,096/STM/MKT-SPK/VIII/24, ,Penagihan 5,10%,7831900, ,2024-09-06, ,2024-09-06,, , , , , , ,
, , ,096/STM/MKT-SPK/X/21, ,Penagihan 1,50%,26575000, ,2024-11-04, ,2024-11-04,, , , , , , ,
, , ,096/STM/MKT-SPK/X/21, ,Penagihan 2,50%,26575000, ,2025-05-05, ,2025-05-05,, , , , , , ,
, , ,098/STM/MKT-SPK/X/21, ,Penagihan 1,30%,31650000, ,2025-06-02, ,2025-06-02,, , , , , , ,
, , ,098/STM/MKT-SPK/X/21, ,Penagihan 2,20%,21100000, ,2026-04-01, ,,, , , , , , ,
, , ,098/STM/MKT-SPK/X/21, ,Penagihan 3,20%,21100000, ,2022-01-19, ,2022-01-19,, , , , , , ,
, , ,098/STM/MKT-SPK/X/21, ,Penagihan 4,20%,21100000, ,2024-12-05, ,2024-12-05,, , , , , , ,
, , ,098/STM/MKT-SPK/X/21, ,Penagihan 5,10%,10550000, ,2023-09-04, ,2023-09-04,, , , , , , ,
, , ,107/STM/MKT-SPK/VIII/23, ,Penagihan 1,50%,65000000, ,2023-10-04, ,2023-10-04,, , , , , , ,
, , ,107/STM/MKT-SPK/VIII/23, ,Penagihan 2,50%,65000000, ,2023-12-04, ,2023-12-04,, , , , , , ,
, , ,110/STM/MKT-SPK/VIII/23, ,Penagihan 1,25%,20000000, ,2024-03-04, ,2024-03-04,, , , , , , ,
, , ,110/STM/MKT-SPK/VIII/23, ,Penagihan 2,25%,20000000, ,2025-11-04, ,2025-11-04,, , , , , , ,
, , ,110/STM/MKT-SPK/VIII/23, ,Penagihan 3,25%,20000000, ,2024-05-06, ,2024-05-06,, , , , , , ,
, , ,110/STM/MKT-SPK/VIII/23, ,Penagihan 4,25%,20000000, ,2025-12-11, ,2025-12-11,, , , , , , ,
, , ,113/STM/MKT-SPK/VIII/23, ,Penagihan 1,50%,49050000, ,2023-09-18, ,2023-09-18,, , , , , , ,
, , ,113/STM/MKT-SPK/VIII/23, ,Penagihan 2,50%,49050000, ,2024-04-22, ,2024-04-22,, , , , , , ,
, , ,114/STM/MKT-SPK/IX/23, ,Penagihan 1,30%,26100000, ,2024-06-14, ,2024-06-14,, , , , , , ,
, , ,114/STM/MKT-SPK/IX/23, ,Penagihan 2,30%,26100000, ,2025-03-03, ,2025-03-03,, , , , , , ,
, , ,114/STM/MKT-SPK/IX/23, ,Penagihan 3,30%,26100000, ,2023-09-19, ,2023-09-19,, , , , , , ,
, , ,114/STM/MKT-SPK/IX/23, ,Penagihan 4,10%,8700000, ,2026-02-01, ,,, , , , , , ,
, , ,114/STM/MKT-SPK/IX/25, ,Penagihan 1,100%,102550000, ,2023-10-04, ,2023-10-04,, , , , , , ,
, , ,121/STM/MKT-SPK/IX/24, ,Penagihan 1,30%,21900000, ,2024-01-22, ,2024-01-22,, , , , , , ,
, , ,121/STM/MKT-SPK/IX/24, ,Penagihan 2,30%,21900000, ,2026-01-14, ,2026-01-14,, , , , , , ,
, , ,121/STM/MKT-SPK/IX/24, ,Penagihan 3,30%,21900000, ,2026-02-01, ,,, , , , , , ,
, , ,121/STM/MKT-SPK/IX/24, ,Penagihan 4,10%,7300000, ,2025-09-19, ,2025-09-19,, , , , , , ,
, , ,124/STM/MKT-SPK/IX/23, ,Penagihan 1,30%,24000000, ,2024-10-11, ,2024-10-11,, , , , , , ,
, , ,124/STM/MKT-SPK/IX/23, ,Penagihan 2,30%,24000000, ,2025-01-08, ,2025-01-08,, , , , , , ,
, , ,124/STM/MKT-SPK/IX/23, ,Penagihan 3,30%,24000000, ,2025-06-02, ,2025-06-02,, , , , , , ,
, , ,124/STM/MKT-SPK/IX/23, ,Penagihan 4,10%,8000000, ,2026-01-01, ,,, , , , , , ,
, , ,124/STM/MKT-SPK/X/25, ,Penagihan 1,50%,140000000, ,2023-10-18, ,2023-10-18,, , , , , , ,
, , ,124/STM/MKT-SPK/X/25, ,Penagihan 2,50%,140000000, ,2023-11-01, ,2023-11-01,, , , , , , ,
, , ,125/STM/MKT-SPK/X/24, ,Penagihan 1,100%,10000000, ,2024-01-05, ,2024-01-05,, , , , , , ,
, , ,127/STM/MKT-SPK/X/25, ,Penagihan 1,30%,18000000, ,2025-01-08, ,2025-01-08,, , , , , , ,
, , ,127/STM/MKT-SPK/X/25, ,Penagihan 2,25%,15000000, ,2025-12-10, ,2025-12-10,, , , , , , ,
, , ,127/STM/MKT-SPK/X/25, ,Penagihan 3,25%,15000000, ,2025-12-10, ,2025-12-10,, , , , , , ,
, , ,127/STM/MKT-SPK/X/25, ,Penagihan 4,20%,12000000, ,2025-02-18, ,2025-02-18,, , , , , , ,
, , ,128/STM/MKT-SPK/X/24, ,Penagihan 1,40%,59080000, ,2025-11-18, ,2025-11-18,, , , , , , ,
, , ,128/STM/MKT-SPK/X/24, ,Penagihan 2,35%,51695000, ,2025-12-02, ,2025-12-02,, , , , , , ,
, , ,128/STM/MKT-SPK/X/24, ,Penagihan 3,25%,36925000, ,2026-01-05, ,2026-01-05,, , , , , , ,
, , ,131/STM/MKT-SPK/X/24, ,Penagihan 1,100%,16700000, ,2026-02-01, ,,, , , , , , ,
, , ,133/STM/MKT-SPK/X/24, ,Penagihan 1,100%,296540815, ,2024-11-04, ,2024-11-04,, , , , , , ,
, , ,134/STM/MKT-SPK/X/24, ,Penagihan 1,100%,15000000, ,2025-01-08, ,2025-01-08,, , , , , , ,
, , ,135/STM/MKT-SPK/XI/25, ,Penagihan 1,15%,15000000, ,2025-06-10, ,2025-06-10,, , , , , , ,
, , ,135/STM/MKT-SPK/XI/25, ,Penagihan 2,30%,30000000, ,, ,,, , , , , , ,
, , ,135/STM/MKT-SPK/XI/25, ,Penagihan 3,30%,30000000, ,, ,,, , , , , , ,
, , ,135/STM/MKT-SPK/XI/25, ,Penagihan 4,25%,25000000, ,, ,,, , , , , , ,
, , ,136/STM/MKT-SPK/X/24, ,Penagihan 1,30%,60000000, ,, ,,, , , , , , ,
, , ,136/STM/MKT-SPK/X/24, ,Penagihan 2,30%,60000000, ,2024-11-20, ,2024-11-20,, , , , , , ,
, , ,136/STM/MKT-SPK/X/24, ,Penagihan 3,40%,80000000, ,2024-12-10, ,2024-12-10,, , , , , , ,
, , ,137/STM/MKT-SPK/X/24, ,Penagihan 1,100%,6000000, ,2024-11-28, ,2024-11-28,, , , , , , ,
, , ,138/STM/MKT-SPK/X/22, ,Penagihan 1,50%,107500000, ,2025-12-11, ,2025-12-11,, , , , , , ,
, , ,138/STM/MKT-SPK/X/22, ,Penagihan 2,30%,64500000, ,2026-01-05, ,2026-01-05,, , , , , , ,
, , ,138/STM/MKT-SPK/X/22, ,Penagihan 3,20%,43000000, ,2026-02-01, ,,, , , , , , ,
, , ,138/STM/MKT-SPK/X/24, ,Penagihan 1,30%,22000000, ,2026-03-01, ,,, , , , , , ,
, , ,138/STM/MKT-SPK/X/24, ,Penagihan 2,25%,18500000, ,2024-11-05, ,2024-11-05,, , , , , , ,
, , ,138/STM/MKT-SPK/X/24, ,Penagihan 3,25%,18500000, ,2025-06-24, ,2025-06-24,, , , , , , ,
, , ,138/STM/MKT-SPK/X/24, ,Penagihan 4,20%,14800000, ,2025-09-15, ,2025-09-15,, , , , , , ,
, , ,139/STM/MKT-SPK/X/24, ,Penagihan 1,30%,36300000, ,2024-11-01, ,2024-11-01,, , , , , , ,
, , ,139/STM/MKT-SPK/X/24, ,Penagihan 2,20%,24200000, ,2022-10-31, ,2022-10-31,, , , , , , ,
, , ,139/STM/MKT-SPK/X/24, ,Penagihan 3,15%,18150000, ,2024-04-02, ,2024-04-02,, , , , , , ,
, , ,139/STM/MKT-SPK/X/24, ,Penagihan 4,15%,18150000, ,2026-01-01, ,,, , , , , , ,
, , ,139/STM/MKT-SPK/X/24, ,Penagihan 5,20%,24200000, ,2025-01-08, ,2025-01-08,, , , , , , ,
, , ,140/STM/MKT-SPK/X/23, ,Penagihan 1,30%,11400000, ,2025-02-04, ,2025-02-04,, , , , , , ,
, , ,140/STM/MKT-SPK/X/23, ,Penagihan 2,20%,7600000, ,2025-03-04, ,2025-03-04,, , , , , , ,
, , ,140/STM/MKT-SPK/X/23, ,Penagihan 3,20%,7600000, ,2026-02-01, ,,, , , , , , ,
, , ,140/STM/MKT-SPK/X/23, ,Penagihan 4,20%,7600000, ,2025-01-08, ,2025-01-08,, , , , , , ,
, , ,140/STM/MKT-SPK/X/23, ,Penagihan 5,10%,3800000, ,2025-02-04, ,2025-02-04,, , , , , , ,
, , ,140/STM/MKT-SPK/X/24, ,Penagihan 1,100%,19000000, ,2025-03-04, ,2025-03-04,, , , , , , ,
, , ,142/STM/MKT-SPK/XI/24, ,Penagihan 1,30%,25500000, ,2025-04-10, ,2025-04-10,, , , , , , ,
, , ,142/STM/MKT-SPK/XI/24, ,Penagihan 2,30%,25500000, ,2025-11-21, ,2025-11-21,, , , , , , ,
, , ,142/STM/MKT-SPK/XI/24, ,Penagihan 3,30%,25500000, ,2023-11-15, ,2023-11-15,, , , , , , ,
, , ,142/STM/MKT-SPK/XI/24, ,Penagihan 4,10%,8500000, ,2024-01-10, ,2024-01-10,, , , , , , ,
, , ,142/STM/MKT-SPK/XI/25, ,Penagihan 1,20%,167000000, ,2024-02-12, ,2024-02-12,, , , , , , ,
, , ,142/STM/MKT-SPK/XI/25, ,Penagihan 2,20%,167000000, ,2024-03-12, ,2024-03-12,, , , , , , ,
, , ,142/STM/MKT-SPK/XI/25, ,Penagihan 3,20%,167000000, ,2026-01-01, ,,, , , , , , ,
, , ,142/STM/MKT-SPK/XI/25, ,Penagihan 4,40%,334000000, ,2024-11-18, ,2024-11-18,, , , , , , ,
, , ,145/STM/MKT-SPK/XI/24, ,Penagihan 1,40%,3000000, ,2024-11-20, ,2024-11-20,, , , , , , ,
, , ,145/STM/MKT-SPK/XI/24, ,Penagihan 2,30%,2250000, ,2025-01-08, ,2025-01-08,, , , , , , ,
, , ,145/STM/MKT-SPK/XI/24, ,Penagihan 3,30%,2250000, ,2025-05-21, ,2025-05-21,, , , , , , ,
, , ,147/STM/MKT-SPK/XII/25, ,Penagihan 1,30%,25125000, ,2026-02-01, ,,, , , , , , ,
, , ,147/STM/MKT-SPK/XII/25, ,Penagihan 2,25%,20937500, ,2026-01-05, ,2026-01-05,, , , , , , ,
, , ,147/STM/MKT-SPK/XII/25, ,Penagihan 3,25%,20937500, ,2026-02-01, ,,, , , , , , ,
, , ,147/STM/MKT-SPK/XII/25, ,Penagihan 4,20%,16750000, ,2026-03-01, ,,, , , , , , ,
, , ,150/STM/MKT-SPK/XI/24, ,Penagihan 1,100%,16000000, ,2026-04-01, ,,, , , , , , ,
, , ,153/STM/MKT-SPK/XI/24, ,Penagihan 1,100%,45000000, ,2025-01-20, ,2025-01-20,, , , , , , ,
, , ,154/STM/MKT-SPK/XI/24, ,Penagihan 1,100%,30000000, ,2025-01-20, ,2025-01-20,, , , , , , ,
, , ,156/STM/MKT-SPK/XII/24, ,Penagihan 1,30%,28500000, ,2025-01-20, ,2025-01-20,, , , , , , ,
, , ,156/STM/MKT-SPK/XII/24, ,Penagihan 2,25%,23750000, ,2025-12-16, ,2025-12-16,, , , , , , ,
, , ,156/STM/MKT-SPK/XII/24, ,Penagihan 3,25%,23750000, ,2026-01-05, ,2026-01-05,, , , , , , ,
, , ,156/STM/MKT-SPK/XII/24, ,Penagihan 4,20%,19000000, ,2026-02-01, ,,, , , , , , ,
, , ,157/STM/MKT-SPK/XII/22, ,Penagihan 1,30%,25500000, ,2026-03-01, ,,, , , , , , ,
, , ,157/STM/MKT-SPK/XII/22, ,Penagihan 2,20%,17000000, ,2025-02-21, ,2025-02-21,, , , , , , ,
, , ,157/STM/MKT-SPK/XII/22, ,Penagihan 3,20%,17000000, ,2025-04-10, ,2025-04-10,, , , , , , ,
, , ,157/STM/MKT-SPK/XII/22, ,Penagihan 4,20%,17000000, ,2025-01-08, ,2025-01-08,, , , , , , ,
, , ,157/STM/MKT-SPK/XII/22, ,Penagihan 5,10%,8500000, ,2025-01-08, ,2025-01-08,, , , , , , ,
, , ,157/STM/MKT-SPK/XII/24, ,Penagihan 1,30%,85500000, ,2025-02-04, ,2025-02-04,, , , , , , ,
, , ,157/STM/MKT-SPK/XII/24, ,Penagihan 2,30%,85500000, ,2025-11-04, ,2025-11-04,, , , , , , ,
, , ,157/STM/MKT-SPK/XII/24, ,Penagihan 3,40%,114000000, ,2025-12-02, ,2025-12-02,, , , , , , ,
, , ,158/STM/MKT-SPK/XII/24, ,Penagihan 1,30%,16627500, ,2023-02-15, ,2023-02-15,, , , , , , ,
, , ,158/STM/MKT-SPK/XII/24, ,Penagihan 2,20%,11085000, ,2023-03-07, ,2023-03-07,, , , , , , ,
, , ,158/STM/MKT-SPK/XII/24, ,Penagihan 3,20%,11085000, ,2023-05-08, ,2023-05-08,, , , , , , ,
, , ,158/STM/MKT-SPK/XII/24, ,Penagihan 4,20%,11085000, ,2023-06-05, ,2023-06-05,, , , , , , ,
, , ,158/STM/MKT-SPK/XII/24, ,Penagihan 5,10%,5542500, ,2025-02-04, ,2025-02-04,, , , , , , ,
, , ,159/STM/MKT-SPK/XI/19, ,Penagihan 1,40%,14360000, ,2025-08-26, ,2025-08-26,, , , , , , ,
, , ,159/STM/MKT-SPK/XI/19, ,Penagihan 2,40%,14360000, ,2026-03-01, ,,, , , , , , ,
, , ,159/STM/MKT-SPK/XI/19, ,Penagihan 3,20%,7180000, ,2026-08-01, ,,, , , , , , ,
, , ,159/STM/MKT-SPK/XII/24, ,Penagihan 1,30%,24000000, ,2025-01-20, ,2025-01-20,, , , , , , ,
, , ,159/STM/MKT-SPK/XII/24, ,Penagihan 2,20%,16000000, ,2025-03-04, ,2025-03-04,, , , , , , ,
, , ,159/STM/MKT-SPK/XII/24, ,Penagihan 3,20%,16000000, ,2025-04-10, ,2025-04-10,, , , , , , ,
, , ,159/STM/MKT-SPK/XII/24, ,Penagihan 4,20%,16000000, ,2025-05-05, ,2025-05-05,, , , , , , ,
, , ,159/STM/MKT-SPK/XII/24, ,Penagihan 5,10%,8000000, ,2025-11-04, ,2025-11-04,, , , , , , ,
, , ,160/STM/MKT-SPK/XII/23, ,Penagihan 1,30%,17970000, ,2020-01-02, ,2020-01-02,, , , , , , ,
, , ,160/STM/MKT-SPK/XII/23, ,Penagihan 2,40%,23960000, ,2025-01-08, ,2025-01-08,, , , , , , ,
, , ,160/STM/MKT-SPK/XII/23, ,Penagihan 3,30%,17970000, ,2025-01-08, ,2025-01-08,, , , , , , ,
, , ,160/STM/MKT-SPK/XII/24, ,Penagihan 1,52%,150000000, ,2025-01-08, ,2025-01-08,, , , , , , ,
, , ,160/STM/MKT-SPK/XII/24, ,Penagihan 2,48%,140000000, ,2025-03-04, ,2025-03-04,, , , , , , ,
, , ,161/STM/MKT-SPK/XII/24, ,Penagihan 1,100%,94250000, ,2025-05-05, ,2025-05-05,, , , , , , ,
, , ,162/STM/MKT-SPK/XII/24, ,Penagihan 1,50%,5500000, ,2025-06-02, ,2025-06-02,, , , , , , ,
, , ,162/STM/MKT-SPK/XII/24, ,Penagihan 2,50%,5500000, ,2026-02-01, ,,, , , , , , ,
, , ,163/STM/MKT-SPK/XI/19, ,Penagihan 1,79%,24780750, ,2024-01-05, ,2024-01-05,, , , , , , ,
, , ,163/STM/MKT-SPK/XI/19, ,Penagihan 2,21%,6520500, ,2025-06-02, ,2025-06-02,, , , , , , ,
, , ,163/STM/MKT-SPK/XII/24, ,Penagihan 1,100%,59550000, ,2026-03-01, ,,, , , , , , ,
, , ,164/STM/MKT-SPK/XII/24, ,Penagihan 1,100%,8000000, ,2025-01-22, ,2025-01-22,, , , , , , ,
, , ,165/STM/MKT-SPK/XII/24, ,Penagihan 1,100%,13000000, ,2025-03-06, ,2025-03-06,, , , , , , ,
, , ,166/STM/MKT-SPK/XII/24, ,Penagihan 1,100%,11000000, ,2024-12-05, ,2024-12-05,, , , , , , ,
, , ,167/STM/MKT-SPK/XII/24, ,Penagihan 1,40%,63040000, ,2025-04-03, ,2025-04-03,, , , , , , ,
, , ,167/STM/MKT-SPK/XII/24, ,Penagihan 2,30%,47280000, ,2020-01-02, ,2020-01-02,, , , , , , ,
, , ,167/STM/MKT-SPK/XII/24, ,Penagihan 3,30%,47280000, ,2025-09-15, ,2025-09-15,, , , , , , ,
, , ,168/STM/MKT-SPK/XII/24, ,Penagihan 1,30%,40500000, ,2025-02-09, ,2025-02-09,, , , , , , ,
, , ,168/STM/MKT-SPK/XII/24, ,Penagihan 2,25%,33750000, ,2025-01-20, ,2025-01-20,, , , , , , ,
, , ,168/STM/MKT-SPK/XII/24, ,Penagihan 3,25%,33750000, ,2025-01-08, ,2025-01-08,, , , , , , ,
, , ,168/STM/MKT-SPK/XII/24, ,Penagihan 4,20%,27000000, ,2024-12-11, ,2024-12-11,, , , , , , ,
, , ,169/STM/MKT-SPK/XII/24, ,Penagihan 1,100%,190000000, ,2025-01-08, ,2025-01-08,, , , , , , ,
, , ,170/STM/MKT-SPK/XII/24, ,Penagihan 1,100%,24000000, ,2025-05-12, ,2025-05-12,, , , , , , ,
, , ,171/STM/MKT-SPK/XII/22, ,Penagihan 1,30%,25650000, ,2025-06-20, ,2025-06-20,, , , , , , ,
, , ,171/STM/MKT-SPK/XII/22, ,Penagihan 2,20%,17100000, ,2025-01-08, ,2025-01-08,, , , , , , ,
, , ,171/STM/MKT-SPK/XII/22, ,Penagihan 3,20%,17100000, ,2025-02-04, ,2025-02-04,, , , , , , ,
, , ,171/STM/MKT-SPK/XII/22, ,Penagihan 4,20%,17100000, ,2025-03-04, ,2025-03-04,, , , , , , ,
, , ,171/STM/MKT-SPK/XII/22, ,Penagihan 5,10%,8550000, ,2025-07-28, ,2025-07-28,, , , , , , ,
, , ,171/STM/MKT-SPK/XII/24, ,Penagihan 1,50%,8875000, ,2026-07-01, ,,, , , , , , ,
, , ,171/STM/MKT-SPK/XII/24, ,Penagihan 2,50%,8875000, ,2024-12-27, ,2024-12-27,, , , , , , ,
, , ,172/STM/MKT-SPK/XII/24, ,Penagihan 1,100%,9000000, ,2023-05-08, ,2023-05-08,, , , , , , ,
, , ,174/STM/MKT-SPK/XII/24, ,Penagihan 1,100%,15000000, ,2023-07-04, ,2023-07-04,, , , , , , ,
, , ,176/STM/MKT-SPK/XII/24, ,Penagihan 1,100%,22000000, ,2023-09-13, ,2023-09-13,, , , , , , ,
, , ,177/STM/MKT-SPK/XII/24, ,Penagihan 1,30%,13500000, ,2023-11-01, ,2023-11-01,, , , , , , ,
, , ,177/STM/MKT-SPK/XII/24, ,Penagihan 2,20%,9000000, ,2026-03-01, ,,, , , , , , ,
, , ,177/STM/MKT-SPK/XII/24, ,Penagihan 3,20%,9000000, ,2025-02-04, ,2025-02-04,, , , , , , ,
, , ,177/STM/MKT-SPK/XII/24, ,Penagihan 4,20%,9000000, ,2025-03-19, ,2025-03-19,, , , , , , ,
, , ,177/STM/MKT-SPK/XII/24, ,Penagihan 5,10%,4500000, ,2025-01-20, ,2025-01-20,, , , , , , ,
, , ,111/STM/MKT-SPK/IX/24, ,Penagihan 1,30%,22500000, ,2025-01-24, ,2025-01-24,, , , , , , ,
, , ,111/STM/MKT-SPK/IX/24, ,Penagihan 2,20%,15000000, ,2025-02-04, ,2025-02-04,, , , , , , ,
, , ,111/STM/MKT-SPK/IX/24, ,Penagihan 3,50%,37500000, ,2025-05-12, ,2025-05-12,, , , , , , ,
, , ,022/STM/MKT-SPK/II/24, ,Penagihan 1,50%,27270000, ,2025-06-02, ,2025-06-02,, , , , , , ,
, , ,022/STM/MKT-SPK/II/24, ,Penagihan 2,50%,27270000, ,2025-07-04, ,2025-07-04,, , , , , , ,
, , ,046/STM/MKT-SPK/V/24, ,Penagihan 1,30%,20985000, ,2025-08-11, ,2025-08-11,, , , , , , ,
, , ,046/STM/MKT-SPK/V/24, ,Penagihan 2,20%,13990000, ,2025-11-12, ,2025-11-12,, , , , , , ,
, , ,046/STM/MKT-SPK/V/24, ,Penagihan 3,20%,13990000, ,2025-01-01, ,2025-02-04,, , , , , , ,
, , ,046/STM/MKT-SPK/V/24, ,Penagihan 4,20%,13990000, ,2024-02-01, ,2024-02-05,, , , , , , ,
, , ,046/STM/MKT-SPK/V/24, ,Penagihan 5,10%,6995000, ,2024-04-02, ,2024-04-02,, , , , , , ,
, , ,035/STM/MKT-SPK/III/24, ,Penagihan 1,30%,21750000, ,2024-05-06, ,2024-05-06,, , , , , , ,
, , ,035/STM/MKT-SPK/III/24, ,Penagihan 2,20%,14500000, ,2024-06-01, ,2024-06-03,, , , , , , ,
, , ,035/STM/MKT-SPK/III/24, ,Penagihan 3,20%,14500000, ,2025-05-01, ,2025-05-05,, , , , , , ,
, , ,035/STM/MKT-SPK/III/24, ,Penagihan 4,20%,14500000, ,2025-04-01, ,2025-04-16,, , , , , , ,
, , ,035/STM/MKT-SPK/III/24, ,Penagihan 5,10%,7250000, ,2025-02-01, ,2025-02-10,, , , , , , ,
, , ,033/STM/MKT-SPK/III/24, ,Penagihan 1,50%,32500000, ,2025-02-01, ,2025-02-10,, , , , , , ,
, , ,033/STM/MKT-SPK/III/24, ,Penagihan 2,50%,32500000, ,2025-03-01, ,2025-03-17,, , , , , , ,
